Origine;Destination;Prix d'appel  2nde;Tarif normal 2nde;Tarif normal 1ère;empty;empty
LES AUBRAIS;ORLÉANS;;1.2;1.8;;
ST PIERRE DES CORPS;TOURS;;1.4;2.1;;
BRASSAC LES MINES;ARVANT;;2.0;3.0;;
CAUDRY;CAMBRAI;;3.9;5.9;;
LONGUEVILLE (IDF);NOGENT SUR SEINE;;5.1;7.6;;
PONT STE MAXENCE;COMPIÈGNE;;5.1;7.6;;
BERNAY;LISIEUX;;7.0;10.5;;
VILLEFORT;GRAND COMBES-LA PISE;;7.4;11.1;;
TROYES;VENDEUVRE;;7.5;11.3;;
LA ROCHE SUR YON;LUÇON;;7.9;11.8;;
ROMILLY;TROYES;;7.9;11.8;;
CHÂTEAU DU LOIR;ST PIERRE DES CORPS;;10.1;15.1;;
PARIS NORD;CREIL;;10.3;15.4;;
MONTPON-MÉNESTÉROL;NIVERSAC;;12.2;18.2;;
NIVERSAC;BRIVE LA GAILLARDE;;12.2;18.2;;
PONT STE MAXENCE;TERGNIER;;13.2;19.8;;
ST ASTIER;TERRASSON;;13.5;20.2;;
ECOMMOY;ST PIERRE DES CORPS;;14.5;21.8;;
ST JEAN DE LUZ;ORTHEZ;;16.0;24.0;;
CAEN;SÉES;;16.5;24.7;;
PÉRIGUEUX;TULLE (+ REBROUSSEMENT);;17.8;26.7;;
BIARRITZ;COARRAZE-NAY;;22.9;34.4;;
BRASSAC LES MINES;LA BASTIDE ST LAURENT;;23.2;34.8;;
ST-JUST-EN-CHAUSSÉE;RANG-DU FLIERS;;23.4;35.0;;
PARIS GARE DE BERCY;NOGENT SUR VERNISSON;;23.5;35.2;;
VIERZON;MONTLUÇON;;24.2;36.3;;
MUSSIDAN;CORRÈZE;;26.4;39.6;;
LES AUBRAIS;SAINT FLORENT SUR CHER;10;27.3;41.0;;
PARIS EST;TROYES;10;27.9;41.9;;
BRASSAC LES MINES;GÉNOLHAC;;28.1;42.1;;
L'AIGLE;FOLLIGNY;10;28.5;42.8;;
PARIS NORD;BUSIGNY;10;29.7;44.6;;
LUÇON;JONZAC;;30.0;44.9;;
PARIS SAINT LAZARE;BREAUTE BEUZEVILLE;15;32.3;48.5;;
BORDEAUX ST JEAN;BRIVE LA GAILLARDE;10;32.3;48.5;;
PARIS GARE DE BERCY;POUILLY SUR LOIRE;10;33.8;50.7;;
BAYONNE;MONTRÉJEAU;10;34.3;51.4;;
LE HAVRE;PARIS ST LAZARE;15;35.4;53.0;;
PARIS MONTPARNASSE VAUGIRARD;VIRE;15;40.7;61.0;;
ST PIERRE DES CORPS;ST GERMAIN DES FOSSÉS;15;42.9;64.3;;
PARIS SAINT LAZARE;LISON;15;43.6;65.4;;
BORDEAUX ST JEAN;LA ROCHE SUR YON;15;43.9;65.9;;
LYON PERRACHE;GUERET;15;48.0;72.0;;
BORDEAUX ST JEAN;NANTES;20;52.4;78.6;;
PEYREHORADE;TARBES;;22.9;34.4;;
COSNE;TRACY SANCERRE;;2.8;4.1;;
POUILLY SUR LOIRE;POUGUES LES EAUX;;5.9;8.9;;
EGLETONS;USSEL;;7.0;10.5;;
POUILLY SUR LOIRE;FOURCHAMBAULT;;7.4;11.1;;
CHAUMONT;LANGRES;;7.5;11.3;;
BORDEAUX ST JEAN;COUTRAS;;10.6;15.8;;
BLOIS;TOURS;;11.2;16.8;;
TERGNIER;CAUDRY;;11.7;17.5;;
PARIS NORD;PONT STE MAXENCE;;12.0;18.0;;
VESOUL;BELFORT;;12.0;18.0;;
BRIARE;LA CHARITÉ;;12.2;18.2;;
ROUEN;BRÉAUTÉ-BEUZEVILLE;;12.2;18.2;;
ISSOIRE;LANGEAC;;12.9;19.3;;
MUSSIDAN;THIVIERS;;13.8;20.7;;
MONTARGIS;COSNE;;14.4;21.6;;
ECOMMOY;TOURS;;14.5;21.8;;
PARIS SAINT LAZARE;BEUIL;;15.0;22.5;;
VIERZON;SAINT AMAND MONTROND;;16.5;24.7;;
VILLEFORT;NÎMES;;17.1;25.6;;
VENDEUVRE;LANGRES;;17.2;25.8;;
PÉRIGUEUX;LIMOGES;;17.7;26.5;;
PAU;MONTRÉJEAU;;20.4;30.5;;
MONTARGIS;LA CHARITÉ;;19.2;28.7;;
NEMOURS;COSNE;;19.2;28.7;;
ST ASTIER;TULLE (+ REBROUSSEMENT);;20.8;31.2;;
ST-JUST-EN-CHAUSSÉE;RUE;;20.9;31.4;;
NOGENT SUR VERNISSON;NEVERS;;20.9;31.4;;
LES AUBRAIS;PARIS AUSTERLITZ;10;21.1;31.6;;
VERSAILLES-CHANTIERS;L'AIGLE;;21.9;32.9;;
ISSOIRE;LANGOGNE;;23.2;34.8;;
PARIS SAINT LAZARE;ROUEN RIVE DROITE;10;24.1;36.1;;
ST GEORGES D'AURAC;GRAND COMBES-LA PISE;;25.1;37.6;;
HENDAYE;COARRAZE-NAY;;27.0;40.5;;
TOULOUSE MATABIAU;TARBES;10;27.0;40.5;;
BIARRITZ;TARBES;10;29.0;43.5;;
PARIS SAINT LAZARE;LISIEUX;15;30.9;46.4;;
ARGENTAN;ST PIERRE DES CORPS;10;31.7;47.6;;
ST JEAN DE LUZ;LANNEMEZAN;10;35.0;52.5;;
CLERMONT FERRAND;GRAND COMBES-LA PISE;10;37.1;55.6;;
PARIS SAINT LAZARE;BAYEUX;15;40.3;60.5;;
VERSAILLES-CHANTIERS;VILLEDIEU-LES-POÊLES;15;41.8;62.7;;
VERSAILLES-CHANTIERS;FOLLIGNY;15;43.6;65.4;;
NANTES;VIERZON;15;45.2;67.8;;
HENDAYE;TOULOUSE MATABIAU;20;50.7;76.0;;
LYON PERRACHE;SAINCAIZE;10;38.5;57.8;;
PEYREHORADE;TOULOUSE;15;42.9;64.3;;
LYON PART DIEU;LYON PERRACHE;;1.0;1.0;;
ARVANT;BRIOUDE;;2.8;4.1;;
MEYMAC;USSEL;;3.3;5.0;;
ST JEAN DE LUZ;BIARRITZ;;3.3;5.0;;
ARVANT;ST GEORGES D'AURAC;;7.5;11.3;;
RIOM;VICHY;;8.7;13.0;;
LISON;VALOGNES;;9.6;14.4;;
BRASSAC LES MINES;LANGEAC;;9.8;14.6;;
L'AIGLE;ARGENTAN;;11.1;16.6;;
ROCHEFORT;ST MARIENS;;22.1;33.1;;
ROCHEFORT;PONS;;12.9;19.3;;
TERGNIER;CAMBRAI;;14.2;21.4;;
PONS;ST ANDRÉ DE CUBZAC;;14.4;21.6;;
TERGNIER;MAUBEUGE;;17.5;26.3;;
BORDEAUX ST JEAN;ST ASTIER;;20.1;30.1;;
LA ROCHELLE;JONZAC;;20.7;31.0;;
ARVANT;AUMONT AUBRAC;;20.9;31.4;;
RIOM;ROANNE;;20.9;31.4;;
PARIS GARE DE BERCY;MONTARGIS;;21.1;31.6;;
MONTARGIS;POUGUES LES EAUX;;21.5;32.3;;
NIVERSAC;EGLETONS;;21.8;32.7;;
MUSSIDAN;LIMOGES-BÉNÉDICTINS;;23.4;35.0;;
GAILLON-AUBEVOYE;LE HAVRE;;23.5;35.2;;
SALBRIS;VALLON EN SULLY;;24.1;36.1;;
PARIS GARE DE BERCY;GIEN;10;26.6;39.9;;
SÉES;ST PIERRE DES CORPS;10;28.9;43.3;;
PARIS MONTPARNASSE VAUGIRARD;ARGENTAN;15;31.7;47.6;;
EVREUX;CARENTAN;10;32.7;49.0;;
TOURS;NEVERS;10;33.7;50.5;;
CAEN;CHÂTEAU DU LOIR;10;33.8;50.7;;
CLERMONT FERRAND;LYON PERRACHE;10;35.5;53.2;;
TOURS;PARIS AUSTERLITZ;15;36.2;54.3;;
SAINCAIZE;LYON PART DIEU;10;38.5;57.8;;
LYON PART DIEU;MONTLUCON VILLE;15;38.6;57.9;;
PARIS EST;CHAUMONT;15;39.5;59.2;;
LANGRES;PARIS EST;15;43.6;65.4;;
CHERBOURG;PARIS ST LAZARE;20;51.9;77.8;;
VILLEFORT;TARASCON;25;64.3;96.4;;
LYON VAISE;ST GERMAIN DES FOSSES;10;27.7;41.5;;
BUSIGNY;CAUDRY;;2.8;4.1;;
PONT L'EVEQUE;TROUVILLE-DEAUVILLE;;3.2;4.7;;
VILLEDIEU-LES-POÊLES;FOLLIGNY;;3.7;5.6;;
ARGENTAN;BRIOUZE;;6.4;9.5;;
VESOUL;LURE;;6.8;10.2;;
MONTPON-MÉNESTÉROL;ST ASTIER;;7.7;11.5;;
LE CATEAU;MAUBEUGE;;8.3;12.5;;
POUILLY SUR LOIRE;NEVERS;;8.3;12.5;;
COUTRAS;MUSSIDAN;;8.5;12.7;;
ANGERS ST LAUD;SAUMUR RIVE DROITE;;9.1;13.7;;
BRIOUZE;VIRE;;9.5;14.2;;
PÉRIGUEUX;CONDAT LE LARDIN;;9.8;14.6;;
BUSIGNY;MAUBEUGE;;9.8;14.6;;
BLOIS;SAINT PIERRE DES CORPS;;10.7;16.1;;
VIRE;GRANVILLE;;11.1;16.6;;
CAEN;LISON;;11.2;16.8;;
CREIL;NOYON;;11.2;16.8;;
BERNAY;TROUVILLE-DEAUVILLE;;11.9;17.8;;
SAINT FLORENT SUR CHER;VALLON EN SULLY;;12.8;19.1;;
CAEN;ARGENTAN;;12.9;19.3;;
LA PARDIEU;BRIOUDE;;13.1;19.6;;
COMPIÈGNE;ST QUENTIN;;13.4;20.0;;
LA ROCHELLE;SAINTES;;13.8;20.7;;
BAR SUR AUBE;LANGRES;;14.1;21.1;;
ROUEN;LE HAVRE;;16.0;24.0;;
SAINT FLORENT SUR CHER;MONTLUÇON;;16.2;24.3;;
LIBOURNE;PÉRIGUEUX;;16.6;24.9;;
CULMONT CHALINDREY;LURE;;18.3;27.4;;
MUSSIDAN;BRIVE LA GAILLARDE;;19.8;29.7;;
TERRASSON;USSEL;;20.1;30.1;;
COUTRAS;THIVIERS;;20.2;30.3;;
ST GEORGES D'AURAC;GÉNOLHAC;;22.2;33.3;;
NOGENT SUR SEINE;CHAUMONT;10;26.3;39.4;;
ST ASTIER;EGLETONS;;26.3;39.4;;
ST GERMAIN DES FOSSÉS;LYON PART DIEU;10;27.7;41.5;;
ST JEAN DE LUZ CIBOURE;LOURDES;10;28.1;42.1;;
CHATELAILLON;BORDEAUX;10;30.3;45.5;;
EVREUX;LISON;10;30.6;45.8;;
ST PIERRE DES CORPS;SAINCAIZE;10;32.0;48.0;;
CLERMONT FERRAND;GÉNOLHAC;10;34.6;51.9;;
NANTES;JONZAC;10;43.6;65.4;;
LYON PART DIEU;TOURS;15;63.0;94.5;;
LYON PERRACHE;NEVERS;10;39.8;59.7;;
MONTENDRE;ST MARIENS;;4.0;5.9;;
VERNEUIL-SUR-AVRE;L'AIGLE;;5.5;8.2;;
CONDAT LE LARDIN;BRIVE LA GAILLARDE;;5.9;8.9;;
CAEN;BAYEUX;;6.8;10.2;;
CLERMONT FERRAND;ISSOIRE;;7.9;11.8;;
PÉRIGUEUX;THIVIERS;;8.0;12.0;;
ABBEVILLE;RANG-DU FLIERS;;8.5;12.7;;
VILLEFORT;ALÈS;;9.5;14.2;;
SAINCAIZE;MOULINS SUR ALLIER;;9.9;14.9;;
LA PARDIEU;BRASSAC LES MINES;;10.4;15.6;;
RUE;BOULOGNE SUR MER;;10.9;16.3;;
BOURGES;SAINT AMAND MONTROND;;11.5;17.3;;
GIEN;POUILLY SUR LOIRE;;11.7;17.5;;
PAU;TARBES;;11.7;17.5;;
VENDEUVRE;CHAUMONT;;12.0;18.0;;
CHATEAUNEUF SUR CHER;MONTLUÇON;;13.6;20.5;;
BAYEUX;VALOGNES;;13.9;20.9;;
FLERS;GRANVILLE;;15.6;23.4;;
MUSSIDAN;TERRASSON;;16.3;24.5;;
ST ASTIER;BRIVE LA GAILLARDE;;16.5;24.7;;
VIERZON;NEVERS;;18.0;26.9;;
VERSAILLES-CHANTIERS;VERNEUIL-SUR-AVRE;;18.0;26.9;;
VIERZON;VALLON EN SULLY;;20.9;31.4;;
VERNON;LE HAVRE;;21.8;32.7;;
PARIS NORD;AMIENS;10;22.8;34.2;;
TOURS;BOURGES;;24.8;37.2;;
LIBOURNE;TERRASSON;;24.9;37.4;;
NEMOURS;POUGUES LES EAUX;;26.5;39.7;;
MANTES-LA-JOLIE;LE HAVRE;10;28.5;42.8;;
CLERMONT-DE-L'OISE;BOULOGNE SUR MER;10;30.6;45.8;;
DREUX;VIRE;10;30.8;46.2;;
HENDAYE;TARBES;10;32.1;48.1;;
LA PARDIEU;GÉNOLHAC;10;34.3;51.4;;
PARIS GARE DE BERCY;POUGUES LES EAUX;15;36.9;55.4;;
ANGERS ST LAUD;BOURGES;15;38.0;57.0;;
PARIS GARE DE BERCY;NEVERS;15;38.5;57.8;;
PARIS AUSTERLITZ;CHATEAUNEUF SUR CHER;15;40.3;60.5;;
PARIS AUSTERLITZ;SAINT AMAND MONTROND;15;43.0;64.5;;
LYON PERRACHE;MOULINS SUR ALLIER;10;32.6;48.9;;
LYON VAISE;ST PIERRE DES CORPS;15;62.7;94.1;;
RANG-DU FLIERS;ETAPLES LE TOUQUET;;3.0;4.4;;
COUTRAS;MONTPON-MÉNESTÉROL;;5.5;8.2;;
BRÉAUTÉ-BEUZEVILLE;LE HAVRE;;5.7;8.5;;
BUSIGNY;CAMBRAI;;5.9;8.9;;
LA CHARITÉ;NEVERS;;5.9;8.9;;
LE CATEAU;AULNOYE;;6.1;9.2;;
GÉNOLHAC;ALÈS;;7.4;11.1;;
ST QUENTIN;LE CATEAU;;7.9;11.8;;
BAYEUX;CARENTAN;;9.3;13.9;;
BERNAY;PONT L'EVEQUE;;9.9;14.9;;
LONGUEAU;ABBEVILLE;;10.1;15.1;;
CARENTAN;CHERBOURG;;11.2;16.8;;
CLERMONT FERRAND;ARVANT;;11.9;17.8;;
GIEN;LA CHARITÉ;;13.8;20.7;;
LOURDES;MONTRÉJEAU;;14.1;21.1;;
PARIS MONTPARNASSE VAUGIRARD;DREUX;;15.1;22.7;;
NOYON;CAUDRY;;15.3;22.9;;
BOURGES;VALLON EN SULLY;;15.7;23.6;;
PARIS SAINT LAZARE;GAILLON-AUBEVOYE;;16.6;24.9;;
TROYES;CHAUMONT;;17.2;25.8;;
COARRAZE-NAY;MONTRÉJEAU;;17.4;26.0;;
LA ROCHE SUR YON;LA ROCHELLE;;18.3;27.4;;
MONTRÉJEAU;TOULOUSE MATABIAU;;18.4;27.6;;
GAILLON-AUBEVOYE;BRÉAUTÉ-BEUZEVILLE;;19.9;29.9;;
PAU;BIARRITZ;10;20.5;30.8;;
BRIOUDE;LA BASTIDE ST LAURENT;;20.9;31.4;;
LANGEAC;GÉNOLHAC;;21.1;31.6;;
CREIL;ABBEVILLE;;21.9;32.9;;
PARIS SAINT LAZARE;OISSEL;10;22.1;33.1;;
ARGENTAN;GRANVILLE;;22.7;34.0;;
CAEN;CHERBOURG;;22.9;34.4;;
NANTES;SAUMUR RIVE DROITE;;22.9;34.4;;
ARGENTAN;CHÂTEAU DU LOIR;;25.2;37.8;;
MONTPON-MÉNESTÉROL;TULLE (+ REBROUSSEMENT);;26.3;39.4;;
BRASSAC LES MINES;VILLEFORT;;26.5;39.7;;
EVREUX;BAYEUX;10;27.3;41.0;;
LA PARDIEU;LANGOGNE;;28.1;42.1;;
MUSSIDAN;EGLETONS;10;28.5;42.8;;
PARIS GARE DE BERCY;TRACY SANCERRE;10;32.7;49.0;;
ST PIERRE DES CORPS;MOULINS SUR ALLIER;15;37.9;56.8;;
BOULOGNE VILLE;PARIS NORD;15;38.5;57.8;;
NEVERS;LYON PART DIEU;10;39.8;59.7;;
AURAY;LUÇON;15;40.1;60.1;;
LURE;PARIS EST;20;55.9;83.9;;
PEYREHORADE;BAYONNE;;7.4;11.1;;
VAL-DE-REUIL;OISSEL;;3.7;5.6;;
MONTPON-MÉNESTÉROL;MUSSIDAN;;3.9;5.9;;
TERGNIER;ST QUENTIN;;5.3;7.9;;
ETAPLES LE TOUQUET;BOULOGNE SUR MER;;6.1;9.2;;
COUTRAS;CORRÈZE;10;31.2;46.7;;
MOULINS SUR ALLIER;ST GERMAIN DES FOSSÉS;;8.7;13.0;;
SALBRIS;BOURGES;;10.7;16.1;;
COSNE;NEVERS;;11.4;17.0;;
NOGENT SUR VERNISSON;COSNE;;11.7;17.5;;
PONT STE MAXENCE;CHAUNY;;12.0;18.0;;
NOYELLES;BOULOGNE;;12.6;18.9;;
VAL-DE-REUIL;YVETOT;;12.9;19.3;;
COUTRAS;PÉRIGUEUX;;14.2;21.4;;
TERRASSON;EGLETONS;;15.0;22.5;;
MUSSIDAN;CONDAT LE LARDIN;;15.4;23.1;;
CHATELAILLON;PONS;;15.7;23.6;;
BRIVE LA GAILLARDE;USSEL;;16.6;24.9;;
ARGENTAN;LE MANS;;17.7;26.5;;
PONS;BORDEAUX;;17.8;26.7;;
CAEN;ALENÇON;10;19.9;29.9;;
SALBRIS;SAINT AMAND MONTROND;;20.2;30.3;;
EVREUX;TROUVILLE-DEAUVILLE;;20.2;30.3;;
LANGRES;LURE;;20.4;30.5;;
LA BASTIDE ST LAURENT;NÎMES;;20.5;30.8;;
PARIS SAINT LAZARE;CONCHES;;22.1;33.1;;
NEMOURS;POUILLY SUR LOIRE;;22.4;33.5;;
CLERMONT FERRAND;ROANNE;;22.9;34.4;;
LA ROCHE SUR YON;ROCHEFORT;;22.9;34.4;;
VILLEFORT;ARLES;;23.6;35.5;;
LANGEAC;GRAND COMBES-LA PISE;;23.9;35.9;;
MANTES-LA-JOLIE;BERNAY;;23.9;35.9;;
NIVERSAC;MEYMAC;;24.4;36.5;;
RIOM;TARARE;10;27.3;41.0;;
BORDEAUX ST JEAN;CONDAT LE LARDIN;10;29.2;43.9;;
CLERMONT FERRAND;LA BASTIDE ST LAURENT;10;30.7;46.0;;
ARGENTAN;TOURS;10;31.7;47.6;;
VENDEUVRE SUR BARSE;PARIS EST;15;32.0;48.0;;
SAUMUR RIVE DROITE;BOURGES;10;32.7;49.0;;
EVREUX;VALOGNES;10;36.2;54.3;;
PARIS GARE DE BERCY;FOURCHAMBAULT;15;37.8;56.7;;
TOURS;MOULINS SUR ALLIER;15;38.3;57.4;;
LIBOURNE;USSEL;10;39.0;58.5;;
SAUMUR RIVE DROITE;SAINCAIZE;15;42.7;64.1;;
ROMILLY;BELFORT;20;45.8;68.7;;
SAUMUR RIVE DROITE;LYON VAISE;20;66.2;99.3;;
GIEN;BRIARE;;2.8;4.1;;
NEVERS;SAINCAIZE;;3.0;4.4;;
CREIL;CLERMONT-DE-L'OISE;;3.7;5.6;;
BRIOUZE;FLERS;;4.0;5.9;;
CHATELAILLON;ROCHEFORT;;4.4;6.6;;
LOURDES;TARBES;;4.8;7.2;;
NOYON;TERGNIER;;5.3;7.9;;
ARVANT;MASSIAC;;5.5;8.2;;
COMPIÈGNE;NOYON;;5.5;8.2;;
NOYELLES;RANG-DU FLIERS;;6.1;9.2;;
BLOIS;AMBOISE;;7.2;10.8;;
COSNE;LA CHARITÉ;;7.2;10.8;;
TULLE (+ REBROUSSEMENT);EGLETONS;;7.7;11.5;;
MONTARGIS;GIEN;;7.9;11.8;;
BRIARE;TRACY SANCERRE;;8.7;13.0;;
BRIVE LA GAILLARDE;CORRÈZE;;9.0;13.4;;
NIVERSAC;TERRASSON;;9.0;13.4;;
CHAUMONT;CULMONT CHALINDREY;;9.3;13.9;;
ST-JUST-EN-CHAUSSÉE;LONGUEAU;;9.3;13.9;;
VERNON;OISSEL;;9.6;14.4;;
ALÈS;NÎMES;;9.9;14.9;;
LANGEAC;LANGOGNE;;12.9;19.3;;
VIERZON;CHATEAUNEUF SUR CHER;;13.2;19.8;;
LONGUEAU;RUE;;13.8;20.7;;
LISON;CHERBOURG;;14.1;21.1;;
ALENÇON;ECOMMOY;;14.2;21.4;;
OISSEL;BRÉAUTÉ-BEUZEVILLE;;14.4;21.6;;
COARRAZE-NAY;LANNEMEZAN;;14.8;22.2;;
LANGRES;VESOUL;;15.4;23.1;;
AMIENS;RANG-DU FLIERS;;15.6;23.4;;
NIVERSAC;TULLE (+ REBROUSSEMENT);;16.2;24.3;;
ORTHEZ;TARBES;;17.8;26.7;;
CREIL;ST QUENTIN;;18.3;27.4;;
LES AUBRAIS;BOURGES;;20.2;30.3;;
MANTES-LA-JOLIE;YVETOT;;21.4;32.0;;
PARIS NORD;CHAUNY;;21.8;32.7;;
TROYES;LANGRES;;22.7;34.0;;
CREIL;BUSIGNY;;22.7;34.0;;
MONTARGIS;NEVERS;;23.4;35.0;;
VIERZON;MOULINS SUR ALLIER;;23.9;35.9;;
ST-JUST-EN-CHAUSSÉE;ETAPLES LE TOUQUET;;24.9;37.4;;
LE MANS;CAEN;10;27.9;41.9;;
NEMOURS;NEVERS;10;28.1;42.1;;
ONZAIN;PARIS AUSTERLITZ;10;31.2;46.7;;
NOGENT SUR SEINE;CULMONT CHALINDREY;10;31.6;47.4;;
TROYES;VESOUL;10;33.7;50.5;;
PARIS NORD;RANG DU FLIERS VERTON;15;33.9;50.9;;
ANGERS ST LAUD;VIERZON;10;34.2;51.2;;
ETAPLES LE TOUQUET;PARIS NORD;15;35.2;52.9;;
LA CHARITE;PARIS GARE DE BERCY;15;35.4;53.0;;
ST JEAN DE LUZ;MONTRÉJEAU;10;37.1;55.6;;
ANGERS ST LAUD;NEVERS;15;46.5;69.8;;
SAUMUR RIVE DROITE;LYON PART DIEU;20;66.2;99.3;;
ANGERS;LYON PART DIEU;15;72.5;108.7;;
PEYREHORADE;LOURDES;;19.9;29.9;;
SAUMUR;LYON VAISE;20;66.2;99.3;;
VERNON;GAILLON-AUBEVOYE;;3.3;5.0;;
CLERMONT FERRAND;RIOM;;3.5;5.3;;
ST ASTIER;PÉRIGUEUX;;4.0;5.9;;
GÉNOLHAC;GRAND COMBES-LA PISE;;4.6;6.9;;
ST JEAN DE LUZ;BAYONNE;;5.3;7.9;;
VALOGNES;CHERBOURG;;6.4;9.5;;
LURE;BELFORT;;7.2;10.8;;
BRÉVAL;EVREUX;;7.9;11.8;;
PAU;LOURDES;;8.3;12.5;;
COMPIÈGNE;CHAUNY;;8.5;12.7;;
ROCHEFORT;SAINTES;;9.1;13.7;;
PONT STE MAXENCE;NOYON;;9.5;14.2;;
MUSSIDAN;NIVERSAC;;9.6;14.4;;
LISIEUX;CAEN;;9.8;14.6;;
ISSOIRE;ST GEORGES D'AURAC;;11.5;17.3;;
BEUIL;BEAUMONT LE ROGER;;12.2;18.2;;
CHAUNY;CAUDRY;;12.9;19.3;;
PÉRIGUEUX;BRIVE LA GAILLARDE;;13.9;20.9;;
BERNAY;CAEN;;14.7;22.0;;
PARIS NORD;COMPIÈGNE;;15.4;23.1;;
LANGEAC;LA BASTIDE ST LAURENT;;15.7;23.6;;
CHAUNY;MAUBEUGE;;18.6;27.8;;
BAYONNE;COARRAZE-NAY;;21.5;32.3;;
COUTRAS;CONDAT LE LARDIN;;21.8;32.7;;
PÉRIGUEUX;EGLETONS;;23.4;35.0;;
ORTHEZ;LANNEMEZAN;;23.6;35.5;;
BORDEAUX ST JEAN;NIVERSAC;;24.1;36.1;;
LOURDES;BAYONNE;10;24.6;37.0;;
PARIS SAINT LAZARE;BEAUMONT LE ROGER;;24.6;37.0;;
PÉRIGUEUX;MEYMAC;;26.4;39.6;;
CREIL;CAMBRAI;;26.7;40.1;;
PARIS SAINT LAZARE;BERNAY;10;27.2;40.8;;
SALBRIS;MONTLUÇON;10;27.6;41.3;;
ROMILLY;LANGRES;10;27.9;41.9;;
TOULOUSE MATABIAU;LOURDES;10;29.5;44.2;;
VERSAILLES-CHANTIERS;ARGENTAN;10;29.7;44.6;;
NANTES;TOURS;10;31.5;47.3;;
PÉRIGUEUX;USSEL;10;31.7;47.6;;
ISSOIRE;GRAND COMBES-LA PISE;10;32.7;49.0;;
VENDEUVRE;LURE;10;33.2;49.8;;
MONTPON-MÉNESTÉROL;USSEL;10;34.2;51.2;;
BAR SUR AUBE;BELFORT;10;34.5;51.8;;
LES AUBRAIS;MONTLUÇON;10;34.6;51.9;;
DREUX;FOLLIGNY;10;35.7;53.6;;
VIERZON;SAINT FLORENT SUR CHER;15;37.1;55.6;;
LA ROCHELLE;CHATELAILLON;;2.8;4.1;;
NOGENT SUR SEINE;ROMILLY;;4.6;6.9;;
ARGENTAN;SÉES;;5.5;8.2;;
ISSOIRE;BRIOUDE;;7.7;11.5;;
JONZAC;ST MARIENS;;8.3;12.5;;
NOYON;ST QUENTIN;;9.5;14.2;;
TERGNIER;BUSIGNY;;10.1;15.1;;
CONDAT LE LARDIN;TULLE (+ REBROUSSEMENT);;10.4;15.6;;
NEVERS;MOULINS SUR ALLIER;;11.7;17.5;;
GRAND COMBES-LA PISE;NÎMES;;12.0;18.0;;
SAINTES;MONTENDRE;;12.6;18.9;;
BRÉVAL;BEAUMONT LE ROGER;;13.6;20.5;;
NEMOURS;BRIARE;;14.5;21.8;;
VERNEUIL-SUR-AVRE;ARGENTAN;;14.8;22.2;;
HENDAYE;ORTHEZ;;18.0;26.9;;
DREUX;SURDON;;18.0;26.9;;
BAYONNE;PAU;10;18.6;27.8;;
NIVERSAC;CORRÈZE;;18.7;28.1;;
BOURGES;MONTLUÇON;;19.2;28.7;;
TOURS;VIERZON;;20.2;30.3;;
VERNON;BRÉAUTÉ-BEUZEVILLE;;21.8;32.7;;
PAU;ST GAUDENS;;22.2;33.3;;
PONT STE MAXENCE;AULNOYE;10;26.6;39.9;;
SAINCAIZE;ROANNE;;26.9;40.3;;
MONTPON-MÉNESTÉROL;TERRASSON;;18.7;28.1;;
BRIOUDE;GRAND COMBES-LA PISE;10;28.5;42.8;;
VICHY;LYON PART DIEU;10;28.9;43.3;;
ROMILLY;CULMONT CHALINDREY;10;29.2;43.9;;
BRIOUDE;ALÈS;10;30.1;45.1;;
ISSOIRE;GÉNOLHAC;10;30.3;45.5;;
NOGENT SUR SEINE;LANGRES;10;30.3;45.5;;
RIOM;LYON PART DIEU;10;33.8;50.7;;
CLERMONT FERRAND;LYON PART DIEU;10;35.5;53.2;;
PARIS GARE DE BERCY;NEMOURS;20;45.1;67.6;;
ST JEAN DE LUZ CIBOURE;TOULOUSE MATABIAU;20;49.3;74.0;;
LYON PERRACHE;ST PIERRE DES CORPS;15;62.7;94.1;;
LANGRES;CULMONT CHALINDREY;;3.0;4.4;;
NOYON;CHAUNY;;3.9;5.9;;
EGLETONS;MEYMAC;;4.2;6.3;;
JONZAC;MONTENDRE;;5.1;7.6;;
RUE;ETAPLES LE TOUQUET;;6.4;9.5;;
SURDON;ALENÇON;;6.6;9.8;;
CARENTAN;VALOGNES;;6.6;9.8;;
MANTES-LA-JOLIE;GAILLON-AUBEVOYE;;7.7;11.5;;
TRACY SANCERRE;FOURCHAMBAULT;;8.8;13.2;;
ARGENTAN;FLERS;;9.3;13.9;;
TRACY SANCERRE;NEVERS;;9.8;14.6;;
NEMOURS;NOGENT SUR VERNISSON;;9.9;14.9;;
BOURGES;SAINCAIZE;;11.4;17.0;;
SÉES;LE MANS;;14.1;21.1;;
ABBEVILLE;BOULOGNE;;14.5;21.8;;
LISIEUX;BAYEUX;;14.5;21.8;;
SURDON;LE MANS;;15.4;23.1;;
ROCHEFORT;JONZAC;;15.9;23.8;;
ROANNE;LYON PERRACHE;;17.4;26.0;;
BAYEUX;CHERBOURG;;18.1;27.2;;
ALENÇON;CHÂTEAU DU LOIR;;18.4;27.6;;
ORLÉANS;TOURS;;20.7;31.0;;
BOULOGNE VILLE;AMIENS;10;21.7;32.5;;
LISIEUX;CARENTAN;;21.7;32.5;;
SURDON;CHÂTEAU DU LOIR;;23.1;34.6;;
MUSSIDAN;TULLE (+ REBROUSSEMENT);;23.5;35.2;;
SAUMUR RIVE DROITE;VIERZON;10;28.9;43.3;;
VENDEUVRE;VESOUL;10;29.6;44.4;;
CAEN;ECOMMOY;10;30.4;45.6;;
PARIS NORD;RUE;15;31.9;47.8;;
BERNAY;CHERBOURG;10;33.3;50.0;;
BORDEAUX ST JEAN;EGLETONS;10;39.7;59.6;;
ISSOIRE;NÎMES;15;40.2;60.3;;
BOURGES;LYON PART DIEU;15;45.8;68.7;;
NOGENT SUR SEINE;BELFORT;20;47.9;71.8;;
BIARRITZ;TOULOUSE MATABIAU;20;49.0;73.5;;
SAUMUR RIVE DROITE;ROANNE;20;57.1;85.6;;
ANGERS ST LAUD;ROANNE;20;61.6;92.4;;
ST GEORGES D'AURAC;LANGEAC;;2.4;3.5;;
BRASSAC LES MINES;BRIOUDE;;3.9;5.9;;
LA CHARITÉ;FOURCHAMBAULT;;4.6;6.9;;
BRIOUDE;ST GEORGES D'AURAC;;5.5;8.2;;
BRIVE LA GAILLARDE;TULLE (+ REBROUSSEMENT);;5.9;8.9;;
GAILLON-AUBEVOYE;OISSEL;;7.5;11.3;;
MUSSIDAN;PÉRIGUEUX;;7.9;11.8;;
ST QUENTIN;CAUDRY;;8.0;12.0;;
SAINT AMAND MONTROND;MONTLUÇON;;10.1;15.1;;
BRIARE;POUILLY SUR LOIRE;;10.1;15.1;;
TARARE;LYON PERRACHE;;10.7;16.1;;
CLERMONT FERRAND;BRASSAC LES MINES;;10.9;16.3;;
BRIVE LA GAILLARDE;EGLETONS;;11.9;17.8;;
BAYONNE;ORTHEZ;;12.6;18.9;;
VERNEUIL-SUR-AVRE;SURDON;;12.6;18.9;;
ST ASTIER;CONDAT LE LARDIN;;12.6;18.9;;
FLERS;FOLLIGNY;;13.4;20.0;;
NOGENT SUR VERNISSON;TRACY SANCERRE;;13.4;20.0;;
BIARRITZ;ORTHEZ;;14.1;21.1;;
ST QUENTIN;MAUBEUGE;;14.1;21.1;;
GÉNOLHAC;NÎMES;;15.1;22.7;;
COUTRAS;NIVERSAC;;15.9;23.8;;
SALBRIS;CHATEAUNEUF SUR CHER;;16.5;24.7;;
ST GEORGES D'AURAC;LA BASTIDE ST LAURENT;;16.9;25.4;;
NOGENT SUR VERNISSON;POUGUES LES EAUX;;18.6;27.8;;
BOURGES;MOULINS SUR ALLIER;;18.9;28.3;;
MONTARGIS;FOURCHAMBAULT;;22.5;33.7;;
BRIOUDE;VILLEFORT;;23.8;35.7;;
NEMOURS;LA CHARITÉ;;24.2;36.3;;
LES AUBRAIS;CHATEAUNEUF SUR CHER;10;26.0;39.0;;
MÉZIDON;ECOMMOY;10;27.7;41.5;;
ORTHEZ;ST GAUDENS;;28.1;42.1;;
HENDAYE;LOURDES;10;29.6;44.4;;
MANTES-LA-JOLIE;CAEN;10;29.8;44.7;;
SURDON;ST PIERRE DES CORPS;10;30.0;44.9;;
BRASSAC LES MINES;GRAND COMBES-LA PISE;10;30.4;45.6;;
BAYONNE;LANNEMEZAN;;32.2;48.3;;
VERSAILLES-CHANTIERS;BRIOUZE;10;33.1;49.6;;
BIARRITZ;MONTRÉJEAU;10;35.5;53.2;;
BORDEAUX ST JEAN;TULLE (+ REBROUSSEMENT);10;35.5;53.2;;
VIERZON;ROANNE;15;37.7;56.5;;
CLERMONT FERRAND;ALÈS;10;38.6;57.9;;
PARIS EST;LONGUEVILLE (IDF);;22.9;34.4;;
POUILLY SUR LOIRE;LA CHARITÉ;;3.3;5.0;;
MONTARGIS;NOGENT SUR VERNISSON;;4.0;5.9;;
CONCHES;BEAUMONT LE ROGER;;4.2;6.3;;
CONCHES;SERQUIGNY;;5.5;8.2;;
LA ROCHELLE;ROCHEFORT;;6.6;9.8;;
VAL-DE-REUIL;ROUEN;;6.6;9.8;;
TRACY SANCERRE;POUGUES LES EAUX;;7.7;11.5;;
HENDAYE;BAYONNE;;7.9;11.8;;
BEUIL;CONCHES;;9.3;13.9;;
TERRASSON;TULLE (+ REBROUSSEMENT);;9.5;14.2;;
GIEN;TRACY SANCERRE;;10.3;15.4;;
ST GERMAIN DES FOSSÉS;ROANNE;;12.9;19.3;;
BAR SUR AUBE;CULMONT CHALINDREY;;15.7;23.6;;
MANTES-LA-JOLIE;BRÉVAL;;15.9;23.8;;
VIERZON;SAINCAIZE;;16.3;24.5;;
ROANNE;LYON PART DIEU;;17.4;26.0;;
TERRASSON;MEYMAC;;17.7;26.5;;
MONTPON-MÉNESTÉROL;CONDAT LE LARDIN;;17.8;26.7;;
ARGENTAN;VILLEDIEU-LES-POÊLES;;17.8;26.7;;
PARIS MONTPARNASSE VAUGIRARD;VERNEUIL-SUR-AVRE;10;20.9;31.4;;
PONT STE MAXENCE;BUSIGNY;;21.1;31.6;;
L'AIGLE;VIRE;;22.7;34.0;;
ROMILLY;CHAUMONT;;22.9;34.4;;
ROCHEFORT;ST ANDRÉ DE CUBZAC;;24.6;37.0;;
CLERMONT-DE-L'OISE;RANG-DU FLIERS;;26.0;39.0;;
LANGEAC;ALÈS;;26.3;39.4;;
NEMOURS;FOURCHAMBAULT;10;27.3;41.0;;
NEVERS;ROANNE;10;28.2;42.2;;
MUSSIDAN;USSEL;10;32.2;48.3;;
ST PIERRE DES CORPS;NEVERS;10;33.3;50.0;;
ISSOIRE;ALÈS;10;34.3;51.4;;
PARIS MONTPARNASSE VAUGIRARD;BRIOUZE;10;35.1;52.7;;
LIBOURNE;EGLETONS;10;35.2;52.9;;
BOURGES;PARIS AUSTERLITZ;15;35.8;53.8;;
LUÇON;BORDEAUX;10;39.6;59.4;;
SAUMUR RIVE DROITE;MOULINS SUR ALLIER;15;45.9;68.9;;
MONTLUCON VILLE;PARIS AUSTERLITZ;20;48.8;73.2;;
PARIS SAINT LAZARE;VALOGNES;20;49.0;73.5;;
SURDON;SÉES;;2.6;3.8;;
PAU;COARRAZE-NAY;;4.0;5.9;;
SAINT FLORENT SUR CHER;CHATEAUNEUF SUR CHER;;4.0;5.9;;
MANTES-LA-JOLIE;VERNON;;5.1;7.6;;
ST ASTIER;NIVERSAC;;6.4;9.5;;
LIBOURNE;MONTPON-MÉNESTÉROL;;8.5;12.7;;
L'AIGLE;SURDON;;8.7;13.0;;
COARRAZE-NAY;TARBES;;9.0;13.4;;
LE MANS;CHÂTEAU DU LOIR;;9.9;14.9;;
YVETOT;LE HAVRE;;10.1;15.1;;
BRÉVAL;CONCHES;;10.7;16.1;;
CHAUNY;BUSIGNY;;11.2;16.8;;
LUÇON;LA ROCHELLE;;12.9;19.3;;
TARBES;ST GAUDENS;;12.9;19.3;;
BEUIL;SERQUIGNY;;13.2;19.8;;
CONDAT LE LARDIN;CORRÈZE;;13.2;19.8;;
CAEN;CARENTAN;;14.1;21.1;;
BORDEAUX ST JEAN;MONTPON-MÉNESTÉROL;;14.4;21.6;;
GAILLON-AUBEVOYE;YVETOT;;15.7;23.6;;
NOGENT SUR SEINE;VENDEUVRE;;16.3;24.5;;
GIEN;NEVERS;;17.7;26.5;;
CONDAT LE LARDIN;MEYMAC;;18.6;27.8;;
LISIEUX;LISON;;18.6;27.8;;
ARVANT;LANGOGNE;;19.2;28.7;;
ST PIERRE DES CORPS;VIERZON;;19.8;29.7;;
PARIS SAINT LAZARE;VAL-DE-REUIL;10;19.9;29.9;;
BORDEAUX ST JEAN;PÉRIGUEUX;;22.5;33.7;;
COMPIÈGNE;AULNOYE;;23.1;34.6;;
COMPIÈGNE;MAUBEUGE;;24.8;37.2;;
BAR SUR AUBE;VESOUL;10;27.1;40.6;;
BOURGES;ST GERMAIN DES FOSSÉS;10;28.4;42.6;;
ST-JUST-EN-CHAUSSÉE;BOULOGNE SUR MER;10;28.8;43.1;;
COUTRAS;LIMOGES-BÉNÉDICTINS;10;29.0;43.5;;
PARIS AUSTERLITZ;SALBRIS;10;29.4;44.0;;
NANTES;LA ROCHELLE;10;29.6;44.4;;
ST JEAN DE LUZ CIBOURE;TARBES;10;30.6;45.8;;
LIBOURNE;LIMOGES-BÉNÉDICTINS;10;30.9;46.4;;
PARIS GARE DE BERCY;COSNE;15;31.5;47.3;;
PARIS NORD  AYMERIES;AULNOYE;15;34.0;51.0;;
BAR SUR AUBE;PARIS EST;15;34.5;51.8;;
SAINTES;ST MARIENS;;15.3;22.9;;
LIBOURNE;MEYMAC;10;37.4;56.1;;
BRASSAC LES MINES;NÎMES;10;37.9;56.8;;
LA PARDIEU;ALÈS;10;38.3;57.4;;
BOURGES;LYON PERRACHE;15;45.8;68.7;;
LYON VAISE;NEVERS;10;39.8;59.7;;
LYON VAISE;NANTES;15;80.7;121.0;;
BIARRITZ;BAYONNE;;2.8;4.1;;
ISSOIRE;BRASSAC LES MINES;;4.4;6.6;;
MUSSIDAN;ST ASTIER;;4.4;6.6;;
CHATEAUNEUF SUR CHER;SAINT AMAND MONTROND;;5.1;7.6;;
ABBEVILLE;RUE;;5.3;7.9;;
COUTRAS;EGLETONS;10;33.3;50.0;;
VILLEDIEU-LES-POÊLES;GRANVILLE;;6.8;10.2;;
LA BASTIDE ST LAURENT;GÉNOLHAC;;7.4;11.1;;
NIVERSAC;CONDAT LE LARDIN;;8.0;12.0;;
EVREUX;BERNAY;;10.4;15.6;;
LA BASTIDE ST LAURENT;GRAND COMBES-LA PISE;;10.6;15.8;;
LONGUEAU;NOYELLES;;12.2;18.2;;
BRIOUZE;VILLEDIEU-LES-POÊLES;;13.6;20.5;;
BRÉVAL;SERQUIGNY;;14.5;21.8;;
ORLÉANS;AMBOISE;;16.5;24.7;;
NOGENT SUR VERNISSON;LA CHARITÉ;;16.6;24.9;;
PONT STE MAXENCE;ST QUENTIN;;16.6;24.9;;
ST GEORGES D'AURAC;VILLEFORT;;20.4;30.5;;
VAL-DE-REUIL;LE HAVRE;;20.8;31.2;;
LANNEMEZAN;TOULOUSE MATABIAU;;21.4;32.0;;
COMPIÈGNE;CAMBRAI;;21.7;32.5;;
ARVANT;LA BASTIDE ST LAURENT;;22.4;33.5;;
LONGUEAU;BOULOGNE;;22.4;33.5;;
PAU;ST JEAN DE LUZ CIBOURE;10;22.4;33.5;;
ST ASTIER;CORRÈZE;;23.2;34.8;;
NIVERSAC;USSEL;;26.6;39.9;;
CREIL;RANG-DU FLIERS;10;27.8;41.7;;
LA ROCHE SUR YON;SAINTES;;29.1;43.7;;
LISIEUX;CHERBOURG;10;29.6;44.4;;
L'AIGLE;GRANVILLE;10;30.3;45.5;;
MUSSIDAN;MEYMAC;10;30.7;46.0;;
PARIS NORD;CAUDRY;10;30.9;46.4;;
VERNEUIL-SUR-AVRE;FOLLIGNY;10;31.4;47.1;;
LIBOURNE;CORRÈZE;10;33.1;49.6;;
NANTES;ROCHEFORT;15;33.1;49.6;;
CAEN;PARIS ST LAZARE;15;36.7;55.0;;
BORDEAUX ST JEAN;CORRÈZE;10;37.5;56.3;;
VERSAILLES-CHANTIERS;VIRE;15;38.6;57.9;;
EVREUX;CHERBOURG;15;39.6;59.4;;
BAYONNE;TOULOUSE MATABIAU;20;47.0;70.4;;
NANTES;ST GERMAIN DES FOSSÉS;25;63.7;95.6;;
ANGERS;LYON PERRACHE;15;72.5;108.7;;
PEYREHORADE;PAU;;13.6;20.5;;
FOURCHAMBAULT;NEVERS;;2.0;3.0;;
PÉRIGUEUX;NIVERSAC;;3.0;4.4;;
AULNOYE;MAUBEUGE;;3.2;4.7;;
RUE;RANG-DU FLIERS;;4.0;5.9;;
LISON;CARENTAN;;4.2;6.3;;
LE MANS;ECOMMOY;;4.8;7.2;;
YVETOT;BRÉAUTÉ-BEUZEVILLE;;5.7;8.5;;
HENDAYE;BIARRITZ;;5.9;8.9;;
COUTRAS;MEYMAC;10;35.5;53.2;;
ROANNE;TARARE;;9.0;13.4;;
SAINTES;JONZAC;;9.0;13.4;;
MÉZIDON;ARGENTAN;;9.1;13.7;;
TULLE (+ REBROUSSEMENT);MEYMAC;;10.6;15.8;;
PÉRIGUEUX;TERRASSON;;10.7;16.1;;
TARBES;MONTRÉJEAU;;10.7;16.1;;
LES AUBRAIS;SALBRIS;;11.5;17.3;;
VERNON;ROUEN;;11.9;17.8;;
LA BASTIDE ST LAURENT;ALÈS;;12.8;19.1;;
ARVANT;ST FLOUR;;13.1;19.6;;
ARGENTAN;VIRE;;13.9;20.9;;
CREIL;AMIENS;;14.8;22.2;;
CHAUNY;CAMBRAI;;15.3;22.9;;
MONTARGIS;TRACY SANCERRE;;15.9;23.8;;
NANTES;ANGERS ST LAUD;;16.0;24.0;;
LOURDES;ST GAUDENS;;16.0;24.0;;
SAINCAIZE;ST GERMAIN DES FOSSÉS;;16.3;24.5;;
GIEN;FOURCHAMBAULT;;16.8;25.1;;
CLERMONT FERRAND;ST GEORGES D'AURAC;;17.1;25.6;;
L'AIGLE;FLERS;;18.0;26.9;;
CHATELAILLON;JONZAC;;18.7;28.1;;
NOGENT;PARIS EST;10;19.8;29.7;;
SURDON;VILLEDIEU-LES-POÊLES;;20.5;30.8;;
CONDAT LE LARDIN;USSEL;;20.9;31.4;;
VICHY;TARARE;;21.2;31.8;;
LA ROCHELLE;MONTENDRE;;23.8;35.7;;
TROYES;CULMONT CHALINDREY;;24.2;36.3;;
PAU;HENDAYE;10;24.2;36.3;;
LISIEUX;VALOGNES;10;26.3;39.4;;
ISSOIRE;LA BASTIDE ST LAURENT;;26.4;39.6;;
ALENÇON;ST PIERRE DES CORPS;;26.5;39.7;;
L'AIGLE;VILLEDIEU-LES-POÊLES;;26.7;40.1;;
BAYONNE;TARBES;10;27.8;41.7;;
SÉES;TOURS;10;28.9;43.3;;
SURDON;TOURS;10;30.0;44.9;;
BORDEAUX ST JEAN;LA ROCHELLE;15;31.5;47.3;;
BRASSAC LES MINES;ALÈS;10;32.0;48.0;;
PAU;TOULOUSE MATABIAU;15;34.2;51.2;;
PARIS AUSTERLITZ;SAINT FLORENT SUR CHER;15;38.3;57.4;;
HENDAYE;MONTRÉJEAU;10;38.6;57.9;;
TOURS;ST GERMAIN DES FOSSÉS;15;43.2;64.8;;
ANGERS ST LAUD;SAINCAIZE;15;45.4;68.1;;
VERSAILLES-CHANTIERS;GRANVILLE;20;45.7;68.6;;
PARIS MONTPARNASSE VAUGIRARD;FOLLIGNY;20;45.9;68.9;;
GRANVILLE;PARIS MONTPARNASSE 3 VAUGIRARD;15;47.5;71.2;;
NANTES;ROANNE;25;69.4;104.1;;
BOURGES;LYON VAISE;15;45.8;68.7;;
LYON VAISE;VIERZON;15;49.1;73.7;;
LYON VAISE;MONTLUCON VILLE;15;38.6;57.9;;
CONDAT LE LARDIN;TERRASSON;;2.0;3.0;;
POUGUES LES EAUX;FOURCHAMBAULT;;2.2;3.2;;
HENDAYE;ST JEAN DE LUZ;;3.3;5.0;;
LANGRES;BELFORT;10;27.5;41.2;;
BRIARE;COSNE;;7.0;10.5;;
GIEN;COSNE;;8.7;13.0;;
ST MARIENS;BORDEAUX;;8.7;13.0;;
VIRE;FOLLIGNY;;8.7;13.0;;
COSNE;POUGUES LES EAUX;;9.3;13.9;;
ST-JUST-EN-CHAUSSÉE;AMIENS;;10.1;15.1;;
AMIENS;NOYELLES;;11.4;17.0;;
ORLÉANS;BLOIS;;11.5;17.3;;
SURDON;FLERS;;11.7;17.5;;
CHATELAILLON;SAINTES;;12.2;18.2;;
VERSAILLES-CHANTIERS;DREUX;;12.6;18.9;;
CLERMONT FERRAND;BRIOUDE;;13.5;20.2;;
LONGUEVILLE (IDF);TROYES;;14.5;21.8;;
NOGENT SUR VERNISSON;POUILLY SUR LOIRE;;14.7;22.0;;
CREIL;TERGNIER;;14.8;22.2;;
JONZAC;BORDEAUX;;14.8;22.2;;
EVREUX;LISIEUX;;15.3;22.9;;
MANTES-LA-JOLIE;ROUEN;;15.3;22.9;;
ST GAUDENS;TOULOUSE MATABIAU;;16.5;24.7;;
NOYON;CAMBRAI;;17.7;26.5;;
LE MANS;TOURS;;17.7;26.5;;
COMPIÈGNE;LE CATEAU;;18.7;28.1;;
COMPIÈGNE;CAUDRY;;18.9;28.3;;
ANGERS ST LAUD;ST PIERRE DES CORPS;;19.0;28.5;;
NOGENT SUR SEINE;BAR SUR AUBE;;19.9;29.9;;
ORLEANS;PARIS AUSTERLITZ;10;21.4;32.0;;
SURDON;FOLLIGNY;;22.7;34.0;;
MANTES-LA-JOLIE;LISIEUX;;23.2;34.8;;
ST PIERRE DES CORPS;BOURGES;;24.4;36.5;;
ST JEAN DE LUZ;COARRAZE-NAY;;24.8;37.2;;
SURDON;GRANVILLE;;24.8;37.2;;
BORDEAUX ST JEAN;ROCHEFORT;10;28.1;42.1;;
PARIS NORD;ABBEVILLE;10;29.1;43.7;;
LES AUBRAIS;VALLON EN SULLY;10;31.9;47.8;;
COARRAZE-NAY;TOULOUSE MATABIAU;10;32.1;48.1;;
DREUX;VILLEDIEU-LES-POÊLES;10;33.9;50.9;;
ROCHEFORT;MONTENDRE;;19.2;28.7;;
BRIOUDE;NÎMES;10;36.0;53.9;;
LORIENT;CHATELAILLON;20;52.6;78.9;;
LIMOGES BENEDICTINS;LYON PERRACHE;20;56.0;84.0;;
NANTES;MOULINS SUR ALLIER;20;59.5;89.3;;
CORRÈZE;EGLETONS;;4.2;6.3;;
LA BASTIDE ST LAURENT;VILLEFORT;;4.6;6.9;;
PONS;JONZAC;;4.6;6.9;;
VALLON EN SULLY;MONTLUÇON;;5.3;7.9;;
BEUIL;EVREUX;;6.1;9.2;;
ST QUENTIN;BUSIGNY;;6.1;9.2;;
NOGENT SUR VERNISSON;BRIARE;;6.6;9.8;;
CREIL;ST-JUST-EN-CHAUSSÉE;;6.8;10.2;;
LISIEUX;TROUVILLE-DEAUVILLE;;6.8;10.2;;
CREIL;COMPIÈGNE;;7.4;11.1;;
BORDEAUX ST JEAN;LIBOURNE;;8.0;12.0;;
GAILLON-AUBEVOYE;ROUEN;;9.8;14.6;;
LANGOGNE;GÉNOLHAC;;10.4;15.6;;
OISSEL;YVETOT;;10.4;15.6;;
PARIS NORD;CLERMONT-DE-L'OISE;;12.8;19.1;;
TULLE (+ REBROUSSEMENT);USSEL;;12.8;19.1;;
AMIENS;RUE;;13.1;19.6;;
BOURGES;NEVERS;;13.2;19.8;;
CREIL;LONGUEAU;;14.1;21.1;;
BRIARE;POUGUES LES EAUX;;14.2;21.4;;
NANTES;LA ROCHE SUR YON;;14.4;21.6;;
LES AUBRAIS;VIERZON;;15.0;22.5;;
LANGOGNE;ALÈS;;15.6;23.4;;
BRIOUDE;LANGOGNE;;17.7;26.5;;
VERNON;YVETOT;;17.7;26.5;;
LONGUEAU;ETAPLES LE TOUQUET;;18.0;26.9;;
NEVERS;ST GERMAIN DES FOSSÉS;;18.0;26.9;;
BERNAY;BAYEUX;;19.2;28.7;;
NOGENT SUR VERNISSON;FOURCHAMBAULT;;20.1;30.1;;
NOYON;AULNOYE;;22.4;33.5;;
LIBOURNE;THIVIERS;;22.5;33.7;;
PARIS MONTPARNASSE VAUGIRARD;L'AIGLE;10;24.4;36.5;;
PARIS SAINT LAZARE;BRÉVAL;;24.6;37.0;;
CHATELAILLON;ST ANDRÉ DE CUBZAC;10;27.6;41.3;;
BORDEAUX ST JEAN;THIVIERS;10;27.9;41.9;;
CREIL;ETAPLES LE TOUQUET;10;29.1;43.7;;
PARIS AUSTERLITZ;AMBOISE;15;33.2;49.8;;
RIOM;LYON PERRACHE;10;33.8;50.7;;
MÉZIDON;ST PIERRE DES CORPS;15;37.1;55.6;;
ORTHEZ;TOULOUSE MATABIAU;10;39.0;58.5;;
ROMILLY;LURE;15;41.6;62.5;;
PARIS EST;VESOUL;20;52.8;79.2;;
LYON PERRACHE;TOURS;15;63.0;94.5;;
PEYREHORADE;LANNEMEZAN;;28.3;42.4;;
LYON VAISE;ROANNE;;17.4;26.0;;
TULLE (+ REBROUSSEMENT);CORRÈZE;;4.0;5.9;;
ST MARIENS;ST ANDRÉ DE CUBZAC;;4.2;6.3;;
TERRASSON;BRIVE LA GAILLARDE;;4.6;6.9;;
TRACY SANCERRE;LA CHARITÉ;;5.1;7.6;;
SAINTES;PONS;;5.3;7.9;;
ST ANDRÉ DE CUBZAC;BORDEAUX;;5.3;7.9;;
MANTES-LA-JOLIE;BEUIL;;5.5;8.2;;
FLERS;VIRE;;6.6;9.8;;
NEMOURS;MONTARGIS;;7.2;10.8;;
BOURGES;CHATEAUNEUF SUR CHER;;8.0;12.0;;
SURDON;BRIOUZE;;9.0;13.4;;
AMIENS;ABBEVILLE;;9.3;13.9;;
COMPIÈGNE;TERGNIER;;9.6;14.4;;
ARVANT;NEUSSARGUES;;10.1;15.1;;
MONTPON-MÉNESTÉROL;MEYMAC;15;37.9;56.8;;
ST QUENTIN;CAMBRAI;;10.6;15.8;;
NOGENT SUR SEINE;TROYES;;11.1;16.6;;
MÉZIDON;SURDON;;11.5;17.3;;
LANGOGNE;GRAND COMBES-LA PISE;;13.6;20.5;;
PARIS NORD;NOYON;;19.0;28.5;;
EVREUX EMBRANCHEMENT;PARIS ST LAZARE;10;19.0;28.5;;
NANTES;LUÇON;;20.2;30.3;;
PARIS EST  SUR SEINE;ROMILLY;10;22.7;34.0;;
CULMONT CHALINDREY;BELFORT;;23.4;35.0;;
CREIL;CAUDRY;;24.1;36.1;;
MÉZIDON;LE MANS;;24.5;36.7;;
CHATELAILLON;ST MARIENS;;24.8;37.2;;
BIARRITZ;LOURDES;10;26.5;39.7;;
BERNAY;CARENTAN;10;26.5;39.7;;
CLERMONT FERRAND;LANGOGNE;;28.4;42.6;;
VERNEUIL-SUR-AVRE;VILLEDIEU-LES-POÊLES;10;29.6;44.4;;
PARIS MONTPARNASSE VAUGIRARD;SURDON;10;30.0;44.9;;
PARIS NORD;NOYELLES;15;30.7;46.0;;
NANTES;ST PIERRE DES CORPS;10;31.5;47.3;;
LANGEAC;NÎMES;10;32.1;48.1;;
MOULINS SUR ALLIER;LYON PART DIEU;10;32.6;48.9;;
PARIS SAINT LAZARE;PONT L'EVEQUE;10;33.1;49.6;;
VERNEUIL-SUR-AVRE;GRANVILLE;10;33.2;49.8;;
BORDEAUX ST JEAN;LIMOGES-BÉNÉDICTINS;10;35.4;53.0;;
PARIS AUSTERLITZ;ST PIERRE DES CORPS;15;35.8;53.8;;
VENDEUVRE;BELFORT;15;37.1;55.6;;
PARIS MONTPARNASSE VAUGIRARD;VILLEDIEU-LES-POÊLES;15;43.8;65.7;;
NOGENT SUR SEINE;LURE;15;44.1;66.1;;
CULMONT CHALINDREY;PARIS EST;15;45.3;67.9;;
PEYREHORADE;ORTHEZ;;7.2;10.8;;
CHAUNY;TERGNIER;;2.2;3.2;;
TRACY SANCERRE;POUILLY SUR LOIRE;;2.6;3.8;;
CREIL;PONT STE MAXENCE;;3.0;4.4;;
FOLLIGNY;GRANVILLE;;3.7;5.6;;
EVREUX EMBRANCHEMENT;CONCHES;;4.2;4.2;;
COSNE;POUILLY SUR LOIRE;;4.4;6.6;;
NOGENT SUR VERNISSON;GIEN;;4.4;6.6;;
GAILLON-AUBEVOYE;VAL-DE-REUIL;;4.4;6.6;;
BOURGES;SAINT FLORENT SUR CHER;;4.6;6.9;;
AMBOISE;SAINT PIERRE DES CORPS;;5.1;7.6;;
VERNON;VAL-DE-REUIL;;7.2;10.8;;
TARBES;LANNEMEZAN;;8.0;12.0;;
CHÂTEAU DU LOIR;TOURS;;10.1;15.1;;
MONTPON-MÉNESTÉROL;PÉRIGUEUX;;10.4;15.6;;
CLERMONT FERRAND;VICHY;;10.9;16.3;;
LIBOURNE;MUSSIDAN;;11.1;16.6;;
MARMANDE;AGEN;;11.2;16.8;;
THIVIERS;LIMOGES-BÉNÉDICTINS;;12.0;18.0;;
SAUMUR RIVE DROITE;ST PIERRE DES CORPS;;12.3;18.5;;
CREIL;CHAUNY;;13.8;20.7;;
BRIARE;FOURCHAMBAULT;;15.3;22.9;;
BRIARE;NEVERS;;16.2;24.3;;
LONGUEAU;RANG-DU FLIERS;;16.3;24.5;;
ST-JUST-EN-CHAUSSÉE;ABBEVILLE;;17.1;25.6;;
LA ROCHELLE;PONS;;17.2;25.8;;
PAU;LANNEMEZAN;;17.4;26.0;;
CAEN;VALOGNES;;18.4;27.6;;
VERNEUIL-SUR-AVRE;BRIOUZE;;19.0;28.5;;
ST-JUST-EN-CHAUSSÉE;NOYELLES;;19.0;28.5;;
ORLÉANS;SAINT PIERRE DES CORPS;;20.2;30.3;;
PÉRIGUEUX;CORRÈZE;;20.8;31.2;;
NEMOURS;TRACY SANCERRE;;21.1;31.6;;
VERNEUIL-SUR-AVRE;FLERS;;21.9;32.9;;
PONT STE MAXENCE;CAUDRY;;22.5;33.7;;
COUTRAS;TERRASSON;;22.7;34.0;;
BERNAY;LISON;;23.5;35.2;;
ALENÇON;TOURS;;26.5;39.7;;
VERNEUIL-SUR-AVRE;VIRE;;26.5;39.7;;
PARIS GARE DE BERCY;BRIARE;10;27.8;41.7;;
PONT STE MAXENCE;MAUBEUGE;10;28.1;42.1;;
LES AUBRAIS;SAINT AMAND MONTROND;10;28.6;43.0;;
BAYONNE;ST GAUDENS;10;35.8;53.8;;
LA PARDIEU;GRAND COMBES-LA PISE;10;36.7;55.0;;
PARIS MONTPARNASSE VAUGIRARD;FLERS;15;37.2;55.8;;
TOURS;CAEN;15;39.8;59.7;;
CLERMONT FERRAND;NÎMES;15;45.0;67.5;;
NANTES;BOURGES;15;48.5;72.7;;
NANTES;NEVERS;20;55.6;83.4;;
LYON VAISE;SAINCAIZE;10;38.5;57.8;;
BRÉVAL;BEUIL;;2.6;3.8;;
AMBOISE;TOURS;;5.7;8.5;;
ECOMMOY;CHÂTEAU DU LOIR;;6.4;9.5;;
VIERZON;BOURGES;;7.2;10.8;;
BUSIGNY;AULNOYE;;7.9;11.8;;
NOYELLES;ETAPLES LE TOUQUET;;8.2;12.3;;
RANG-DU FLIERS;BOULOGNE SUR MER;;8.2;12.3;;
ORTHEZ;PAU;;8.5;12.7;;
PONS;MONTENDRE;;8.8;13.2;;
ARGENTAN;ALENÇON;;9.1;13.7;;
CHATEAUNEUF SUR CHER;VALLON EN SULLY;;9.9;14.9;;
ABBEVILLE;ETAPLES LE TOUQUET;;10.3;15.4;;
MANTES-LA-JOLIE;EVREUX;;10.3;15.4;;
COSNE;FOURCHAMBAULT;;10.4;15.6;;
MANTES-LA-JOLIE;VAL-DE-REUIL;;10.7;16.1;;
LOURDES;LANNEMEZAN;;11.4;17.0;;
LA PARDIEU;ARVANT;;11.4;17.0;;
LES AUBRAIS;BLOIS;;11.5;17.3;;
COUTRAS;ST ASTIER;;11.5;17.3;;
CLERMONT-DE-L'OISE;LONGUEAU;;11.7;17.5;;
MÉZIDON;SÉES;;13.1;19.6;;
MANTES-LA-JOLIE;OISSEL;;13.2;19.8;;
VICHY;ROANNE;;14.4;21.6;;
ORTHEZ;LOURDES;;14.7;22.0;;
CAEN;SURDON;;15.1;22.7;;
MONTARGIS;POUILLY SUR LOIRE;;17.2;25.8;;
MOULINS SUR ALLIER;ROANNE;;19.0;28.5;;
NOYON;MAUBEUGE;;21.4;32.0;;
LONGUEAU;PARIS NORD;10;22.1;33.1;;
EVREUX;CAEN;;22.8;34.2;;
LUÇON;SAINTES;;24.1;36.1;;
MANTES-LA-JOLIE;BRÉAUTÉ-BEUZEVILLE;;24.9;37.4;;
PARIS SAINT LAZARE;SERQUIGNY;10;26.0;39.0;;
MANTES-LA-JOLIE;PONT L'EVEQUE;10;26.3;39.4;;
VICHY;LYON PERRACHE;10;28.9;43.3;;
BAR SUR AUBE;LURE;10;30.7;46.0;;
ST GEORGES D'AURAC;NÎMES;10;33.1;49.6;;
BIARRITZ;LANNEMEZAN;10;33.4;50.1;;
SALBRIS;SAINT FLORENT SUR CHER;15;34.4;51.6;;
COUTRAS;USSEL;10;37.1;55.6;;
BIARRITZ;ST GAUDENS;10;37.1;55.6;;
ROMILLY;VESOUL;15;38.0;57.0;;
TROYES;BELFORT;15;41.2;61.7;;
TOURS;ROANNE;20;50.8;76.1;;
LIMOGES BENEDICTINS;LYON PART DIEU;20;55.9;83.9;;
ANGERS;LYON VAISE;15;72.5;108.7;;
CLERMONT FERRAND;LA PARDIEU;;1.4;2.1;;
BEAUMONT LE ROGER;SERQUIGNY;;2.0;3.0;;
NOYELLES;RUE;;2.8;4.1;;
LA CHARITÉ;POUGUES LES EAUX;;3.3;5.0;;
COARRAZE-NAY;LOURDES;;5.1;7.6;;
VIRE;VILLEDIEU-LES-POÊLES;;5.9;8.9;;
BRIOUDE;LANGEAC;;7.2;10.8;;
ROUEN;YVETOT;;8.2;12.3;;
ARVANT;LANGEAC;;8.8;13.2;;
CORRÈZE;USSEL;;9.9;14.9;;
TARARE;LYON PART DIEU;;10.7;16.1;;
FLERS;VILLEDIEU-LES-POÊLES;;10.9;16.3;;
MONTENDRE;BORDEAUX;;11.4;17.0;;
PONS;ST MARIENS;;11.5;17.3;;
DREUX;L'AIGLE;;11.7;17.5;;
VAL-DE-REUIL;BRÉAUTÉ-BEUZEVILLE;;16.6;24.9;;
LE MANS;ST PIERRE DES CORPS;;17.7;26.5;;
BRIOUZE;GRANVILLE;;18.1;27.2;;
ANGERS ST LAUD;TOURS;;19.0;28.5;;
CLERMONT-DE-L'OISE;ABBEVILLE;;19.8;29.7;;
COUTRAS;TULLE (+ REBROUSSEMENT);10;29.1;43.7;;
CREIL;NOYELLES;;23.8;35.7;;
LIBOURNE;CONDAT LE LARDIN;;24.1;36.1;;
COUTRAS;BRIVE LA GAILLARDE;;26.0;39.0;;
PARIS NORD;ST QUENTIN;10;26.5;39.7;;
CLERMONT FERRAND;TARARE;10;29.0;43.5;;
PARIS AUSTERLITZ;BLOIS;10;29.4;44.0;;
PARIS SAINT LAZARE;YVETOT;10;29.4;44.0;;
CHAUMONT;BELFORT;10;29.6;44.4;;
VIERZON;ST GERMAIN DES FOSSÉS;10;29.6;44.4;;
BORDEAUX ST JEAN;TERRASSON;10;30.0;44.9;;
CREIL;BOULOGNE SUR MER;10;32.3;48.5;;
PARIS NORD;CAMBRAI;10;32.8;49.2;;
PARIS SAINT LAZARE;TROUVILLE-DEAUVILLE;15;34.5;51.8;;
HENDAYE;ST GAUDENS;10;40.2;60.3;;
PARIS SAINT LAZARE;CARENTAN;15;46.0;69.0;;
LYON PART DIEU;GUERET;15;48.0;72.0;;
VIERZON;LYON PART DIEU;15;49.1;73.7;;
NANTES;SAINCAIZE;20;54.5;81.7;;
LYON PERRACHE  VILLE;VIERZON;15;49.1;73.7;;
LYON VAISE;MOULINS SUR ALLIER;10;32.6;48.9;;
LONGUEAU;AMIENS;;1.8;2.7;;
LANGOGNE;LA BASTIDE ST LAURENT;;4.4;6.6;;
SAINT AMAND MONTROND;VALLON EN SULLY;;6.1;9.2;;
CHAUNY;ST QUENTIN;;6.8;10.2;;
MONTENDRE;ST ANDRÉ DE CUBZAC;;7.7;11.5;;
LONGUEVILLE (IDF);ROMILLY;;8.8;13.2;;
TROYES;BAR SUR AUBE;;10.9;16.3;;
JONZAC;ST ANDRÉ DE CUBZAC;;11.2;16.8;;
ST QUENTIN;AULNOYE;;12.2;18.2;;
SAUMUR RIVE DROITE;TOURS;;12.3;18.5;;
ROMILLY;VENDEUVRE;;13.4;20.0;;
LIBOURNE;ST ASTIER;;14.1;21.1;;
BRIVE LA GAILLARDE;MEYMAC;;14.7;22.0;;
CONDAT LE LARDIN;EGLETONS;;15.9;23.8;;
BORDEAUX ST JEAN;MUSSIDAN;;16.8;25.1;;
SÉES;ECOMMOY;;17.2;25.8;;
SAINTES;ST ANDRÉ DE CUBZAC;;17.8;26.7;;
OISSEL;LE HAVRE;;18.1;27.2;;
SURDON;ECOMMOY;;18.6;27.8;;
LANGEAC;VILLEFORT;;18.7;28.1;;
CHAUMONT;VESOUL;;20.9;31.4;;
BORDEAUX ST JEAN;SAINTES;10;21.7;32.5;;
MONTPON-MÉNESTÉROL;BRIVE LA GAILLARDE;;22.1;33.1;;
LANGOGNE;NÎMES;;23.2;34.8;;
PONT STE MAXENCE;CAMBRAI;;24.8;37.2;;
CHAUMONT;LURE;10;25.2;37.8;;
LIBOURNE;BRIVE LA GAILLARDE;10;27.9;41.9;;
VERSAILLES-CHANTIERS;SURDON;10;27.9;41.9;;
ISSOIRE;VILLEFORT;10;28.8;43.1;;
BERNAY;VALOGNES;10;30.0;44.9;;
PARIS NORD;LE CATEAU;10;30.8;46.2;;
BOURGES;ROANNE;10;33.8;50.7;;
VILLEFORT;MARSEILLE;10;34.8;52.1;;
VERSAILLES-CHANTIERS;FLERS;10;35.1;52.7;;
HENDAYE;LANNEMEZAN;10;36.6;54.8;;
MÉZIDON;TOURS;15;37.1;55.6;;
CAEN;ST PIERRE DES CORPS;15;39.8;59.7;;
NOGENT SUR SEINE;VESOUL;15;40.4;60.7;;
SAUMUR RIVE DROITE;NEVERS;15;41.0;61.6;;
BORDEAUX ST JEAN;MEYMAC;15;41.9;62.8;;
BORDEAUX ST JEAN;USSEL;15;43.5;65.2;;
ST PIERRE DES CORPS;ROANNE;20;50.5;75.7;;
ANGERS ST LAUD;ST GERMAIN DES FOSSÉS;20;57.3;85.9;;
LYON PART DIEU;NANTES;15;80.7;121.0;;
LYON PERRACHE;NANTES;15;80.7;121.0;;
LYON PERRACHE;ST GERMAIN DES FOSSES;10;27.7;41.5;;
TOURS;LYON VAISE;15;63.0;94.5;;
GRAND COMBES-LA PISE;ALÈS;;3.3;5.0;;
POUGUES LES EAUX;NEVERS;;3.3;5.0;;
OISSEL;ROUEN;;3.5;5.3;;
VENDEUVRE;BAR SUR AUBE;;4.8;7.2;;
SALBRIS;VIERZON;;5.1;7.6;;
CAEN;MÉZIDON;;5.3;7.9;;
BAYEUX;LISON;;6.1;9.2;;
LA PARDIEU;ISSOIRE;;7.4;11.1;;
LANGOGNE;VILLEFORT;;8.3;12.5;;
SAINT FLORENT SUR CHER;SAINT AMAND MONTROND;;8.3;12.5;;
ALENÇON;LE MANS;;10.9;16.3;;
NEMOURS;GIEN;;13.1;19.6;;
CULMONT CHALINDREY;VESOUL;;13.8;20.7;;
PARIS SAINT LAZARE;VERNON;;14.7;22.0;;
PARIS NORD;ST-JUST-EN-CHAUSSÉE;;15.0;22.5;;
L'AIGLE;BRIOUZE;;15.4;23.1;;
BRIOUZE;FOLLIGNY;;15.9;23.8;;
LES AUBRAIS;AMBOISE;;16.5;24.7;;
ROMILLY;BAR SUR AUBE;;16.5;24.7;;
LA PARDIEU;ST GEORGES D'AURAC;;16.6;24.9;;
AMIENS;ETAPLES LE TOUQUET;;17.2;25.8;;
COMPIÈGNE;BUSIGNY;;17.4;26.0;;
CLERMONT FERRAND;LANGEAC;;18.3;27.4;;
LIBOURNE;NIVERSAC;;18.3;27.4;;
ARVANT;ST CHÉLY;;18.9;28.3;;
VENDEUVRE;CULMONT CHALINDREY;;18.9;28.3;;
BRASSAC LES MINES;LANGOGNE;;20.5;30.8;;
ARGENTAN;FOLLIGNY;;20.5;30.8;;
CHATELAILLON;MONTENDRE;;22.4;33.5;;
PARIS NORD;TERGNIER;;22.8;34.2;;
DREUX;BRIOUZE;;24.6;37.0;;
CREIL;RUE;;25.2;37.8;;
BRIOUDE;GÉNOLHAC;;26.1;39.2;;
LA ROCHELLE;ST MARIENS;;26.6;39.9;;
DREUX;FLERS;10;27.3;41.0;;
MONTPON-MÉNESTÉROL;CORRÈZE;10;28.3;42.4;;
ST ASTIER;MEYMAC;10;28.4;42.6;;
CLERMONT FERRAND;VILLEFORT;10;33.1;49.6;;
DREUX;GRANVILLE;15;37.5;56.3;;
NANTES;SAINTES;15;38.4;57.6;;
BELFORT;PARIS EST;20;59.2;88.8;;
LYON PART DIEU;ST PIERRE DES CORPS;15;62.7;94.1;;
ABBEVILLE;NOYELLES;;3.3;5.0;;
VILLEFORT;GÉNOLHAC;;3.3;5.0;;
ARGENTAN;SURDON;;3.7;5.6;;
CLERMONT-DE-L'OISE;ST-JUST-EN-CHAUSSÉE;;3.7;5.6;;
LIBOURNE;COUTRAS;;3.9;5.9;;
LISIEUX;PONT L'EVEQUE;;4.2;6.3;;
SÉES;ALENÇON;;4.6;6.9;;
ISSOIRE;ARVANT;;5.7;8.5;;
CORRÈZE;MEYMAC;;7.9;11.8;;
DREUX;VERNEUIL-SUR-AVRE;;7.9;11.8;;
BRASSAC LES MINES;ST GEORGES D'AURAC;;8.5;12.7;;
BAR SUR AUBE;CHAUMONT;;8.7;13.0;;
MONTARGIS;BRIARE;;9.5;14.2;;
TERRASSON;CORRÈZE;;12.2;18.2;;
CLERMONT-DE-L'OISE;AMIENS;;12.6;18.9;;
NOYON;BUSIGNY;;13.8;20.7;;
GIEN;POUGUES LES EAUX;;15.7;23.6;;
MÉZIDON;ALENÇON;;16.0;24.0;;
SURDON;VIRE;;16.2;24.3;;
LUÇON;ROCHEFORT;;17.2;25.8;;
EVREUX;PONT L'EVEQUE;;18.0;26.9;;
COARRAZE-NAY;ST GAUDENS;;19.8;29.7;;
LES AUBRAIS;SAINT PIERRE DES CORPS;;20.2;30.3;;
DREUX;ARGENTAN;;20.7;31.0;;
LES AUBRAIS;TOURS;;20.7;31.0;;
ARGENTAN;ECOMMOY;;21.2;31.8;;
SÉES;CHÂTEAU DU LOIR;;21.8;32.7;;
ORTHEZ;MONTRÉJEAU;;26.5;39.7;;
CLERMONT-DE-L'OISE;ETAPLES LE TOUQUET;10;27.3;41.0;;
MANTES-LA-JOLIE;TROUVILLE-DEAUVILLE;10;27.9;41.9;;
LA ROCHELLE;ST ANDRÉ DE CUBZAC;10;28.8;43.1;;
ST ASTIER;USSEL;10;30.0;44.9;;
MONTPON-MÉNESTÉROL;EGLETONS;10;30.4;45.6;;
LIBOURNE;TULLE (+ REBROUSSEMENT);10;31.0;46.5;;
MÉZIDON;CHÂTEAU DU LOIR;10;31.0;46.5;;
PARIS AUSTERLITZ  VILLE;VIERZON;15;32.0;48.0;;
TOURS;SAINCAIZE;10;32.3;48.5;;
LA ROCHE SUR YON;JONZAC;10;34.3;51.4;;
PARIS NORD;MAUBEUGE;15;35.5;53.2;;
TROYES;LURE;15;37.3;55.9;;
LYON PERRACHE;MONTLUCON VILLE;15;38.6;57.9;;
ST JEAN DE LUZ;ST GAUDENS;10;38.6;57.9;;
PARIS AUSTERLITZ;VALLON EN SULLY;20;46.4;69.6;;
SAUMUR RIVE DROITE;ST GERMAIN DES FOSSÉS;20;50.2;75.2;;
ANGERS ST LAUD;MOULINS SUR ALLIER;20;50.5;75.7;;
